Sample Location,Longitude,Latitude,Date,Dissolved Oxygen mg/L,Water Temperature 0C,Water Temperature 0 F,Specific Conductance umhos,Discharge ft3/sec,,,,,,,,,,,
Monitoring Site 1,51.47.40 N,117.25.31 W,1/15/90,12.3,0.3,32.54,80,35,,,,,,,,,,,
Monitoring Site 1,51.47.40 N,117.25.31 W,2/1/90,12.3,0.4,,82,27,,,,,,,,,,,
Monitoring Site 1,51.47.40 N,117.25.31 W,3/15/90,12.3,0.4,,93,20,,,,,,,,,,,
Monitoring Site 1,51.47.40 N,117.25.31 W,4/12/90,11.9,0.5,,85,26,,,,,,,,,,,
Monitoring Site 1,51.47.40 N,117.25.31 W,5/11/90,11.8,4,,110,100,,,,,,,,,,,
Monitoring Site 1,51.47.40 N,117.25.31 W,6/15/90,10.9,5.9,,180,261,,,,,,,,,,,
Monitoring Site 1,51.47.40 N,117.25.31 W,7/8/90,9,11.3,,153,195,,,,,,,,,,,
Monitoring Site 1,51.47.40 N,117.25.31 W,8/18/90,7.8,15,,89,48,,,,,,,,,,,
Monitoring Site 1,51.47.40 N,117.25.31 W,9/14/90,8.5,10,,78,22,,,,,,,,,,,
Monitoring Site 1,51.47.40 N,117.25.31 W,10/9/90,11.8,3.6,,80,36,,,,,,,,,,,
Monitoring Site 1,51.47.40 N,117.25.31 W,11/4/90,11.8,3.5,,92,78,,,,,,,,,,,
Monitoring Site 1,51.47.40 N,117.25.31 W,12/15/90,12,1,,80,42,,,,,,,,,,,
Monitoring Site 1,51.47.40 N,117.25.31 W,Jan 10 1991,12.3,0.3,,81,34,,,,,,,,,,,
Monitoring Site 1,51.47.40 N,117.25.31 W,2/1/91,12.2,0.5,,79,28,,,,,,,,,,,
Monitoring Site 1,51.47.40 N,117.25.31 W,3/15/91,12.3,0.4,,93,20,,,,,,,,,,,
Monitoring Site 1,51.47.40 N,117.25.31 W,4/12/91,12.3,0.4,,84,25,,,,,,,,,,,
Monitoring Site 1,51.47.40 N,117.25.31 W,5/11/91,11.9,4.2,,109,101,,,,,,,,,,,
Monitoring Site 1,51.47.40 N,117.25.31 W,6/15/91,10.9,5.9,,175,260,,,,,,,,,,,
Monitoring Site 1,51.47.40 N,117.25.31 W,7/8/91,9,11.4,,150,194,,,,,,,,,,,
Monitoring Site 1,51.47.40 N,117.25.31 W,8/18/91,7.2,15.2,,88,44,,,,,,,,,,,
Monitoring Site 1,51.47.40 N,117.25.31 W,9/14/91,8.4,10.2,,75,22,,,,,,,,,,,
Monitoring Site 1,51.47.40 N,117.25.31 W,10/9/91,11.8,3.65,,81,35,,,,,,,,,,,
Monitoring Site 1,51.47.40 N,117.25.31 W,11/4/91,11.9,3.55,,92,77,,,,,,,,,,,
Monitoring Site 1,51.47.40 N,117.25.31 W,12/15/91,12,1.3,,81,44,,,,,,,,,,,
Monitoring Site 1,51.47.40 N,117.25.31 W,Jan 17 1992,12.2,0.35,,82,33,,,,,,,,,,,
Monitoring Site 1,51.47.40 N,117.25.31 W,2/1/92,12,0.45,,81,29,,,,,,,,,,,
Monitoring Site 1,51.47.40 N,117.25.31 W,3/15/92,12.1,0.47,,93,20,,,,,,,,,,,
Monitoring Site 1,51.47.40 N,117.25.31 W,4/12/92,12.1,4.3,,84,25,,,,,,,,,,,
Monitoring Site 1,51.47.40 N,117.25.31 W,5/11/92,10.8,6,,110,108,,,,,,,,,,,
Monitoring Site 1,51.47.40 N,117.25.31 W,6/15/92,9,11.4,,182,265,,,,,,,,,,,
Monitoring Site 1,51.47.40 N,117.25.31 W,7/8/92,7.1,15.5,,152,195,,,,,,,,,,,
Monitoring Site 1,51.47.40 N,117.25.31 W,8/18/92,8.4,10.3,,88,44,,,,,,,,,,,
Monitoring Site 1,51.47.40 N,117.25.31 W,9/14/92,11.7,3.7,,76,23,,,,,,,,,,,
Monitoring Site 1,51.47.40 N,117.25.31 W,10/9/92,11.8,3.6,,82,36,,,,,,,,,,,
Monitoring Site 1,51.47.40 N,117.25.31 W,11/4/92,11.9,1.4,,93,79,,,,,,,,,,,
Monitoring Site 1,51.47.40 N,117.25.31 W,12/15/92,12.3,0.37,,90,42,,,,,,,,,,,
Monitoring Site 1,51.47.40 N,117.25.31 W,Jan 12 1993,12,0.37,,83,30,,,,,,,,,,,
Monitoring Site 1,51.47.40 N,117.25.31 W,2/1/93,11.8,0.47,,80,25,,,,,,,,,,,
Monitoring Site 1,51.47.40 N,117.25.31 W,3/15/93,11.7,0.48,,96,19,,,,,,,,,,,
Monitoring Site 1,51.47.40 N,117.25.31 W,4/12/93,11.8,4.7,,95,22,,,,,,,,,,,
Monitoring Site 1,51.47.40 N,117.25.31 W,5/11/93,10.7,6.2,,115,101,,,,,,,,,,,
Monitoring Site 1,51.47.40 N,117.25.31 W,6/15/93,8.9,11.5,,185,260,,,,,,,,,,,
Monitoring Site 1,51.47.40 N,117.25.31 W,7/8/93,7,15.6,,155,190,,,,,,,,,,,
Monitoring Site 1,51.47.40 N,117.25.31 W,8/18/93,8.2,10.5,,83,40,,,,,,,,,,,
Monitoring Site 1,51.47.40 N,117.25.31 W,9/14/93,11.5,3.8,,93,20,,,,,,,,,,,
Monitoring Site 1,51.47.40 N,117.25.31 W,10/9/93,11.5,3.65,,85,30,,,,,,,,,,,
Monitoring Site 1,51.47.40 N,117.25.31 W,11/4/93,11.7,1.6,,89,72,,,,,,,,,,,
Monitoring Site 1,51.47.40 N,117.25.31 W,12/15/93,11.8,0.4,,85,40,,,,,,,,,,,
Monitoring Site 1,51.47.40 N,117.25.31 W,Jan 14 1994,11.8,0.4,,83,28,,,,,,,,,,,
Monitoring Site 1,51.47.40 N,117.25.31 W,2/1/94,11.8,0.4,,80,22,,,,,,,,,,,
Monitoring Site 1,51.47.40 N,117.25.31 W,3/15/94,11.7,0.5,,96,18,,,,,,,,,,,
Monitoring Site 1,51.47.40 N,117.25.31 W,4/12/94,11.8,0.47,,95,92,,,,,,,,,,,
Monitoring Site 1,51.47.40 N,117.25.31 W,5/11/94,10.6,6.3,,115,250,,,,,,,,,,,
Monitoring Site 1,51.47.40 N,117.25.31 W,6/15/94,8.4,11.6,,185,180,,,,,,,,,,,
Monitoring Site 1,51.47.40 N,117.25.31 W,7/8/94,6.9,15.8,,155,120,,,,,,,,,,,
Monitoring Site 1,51.47.40 N,117.25.31 W,8/18/94,8,10.8,,83,45,,,,,,,,,,,
Monitoring Site 1,51.47.40 N,117.25.31 W,9/14/94,11.2,4,,93,22,,,,,,,,,,,
Monitoring Site 1,51.47.40 N,117.25.31 W,10/9/94,11.4,3.7,,85,28,,,,,,,,,,,
Monitoring Site 1,51.47.40 N,117.25.31 W,11/4/94,10.5,1.8,,89,68,,,,,,,,,,,
Monitoring Site 1,51.47.40 N,117.25.31 W,12/15/94,11.5,0.6,,85,38,,,,,,,,,,,
Monitoring Site 1,51.47.40 N,117.25.31 W,Jan 17 1995,11.5,0.6,,83,25,,,,,,,,,,,
Monitoring Site 1,51.47.40 N,117.25.31 W,2/1/95,11.3,0.7,,81,26,,,,,,,,,,,
Monitoring Site 1,51.47.40 N,117.25.31 W,3/15/95,11.25,0.75,,85,32,,,,,,,,,,,
Monitoring Site 1,51.47.40 N,117.25.31 W,4/12/95,10.8,4.9,,96,95,,,,,,,,,,,
Monitoring Site 1,51.47.40 N,117.25.31 W,5/11/95,105,6.4,,122,275,,,,,,,,,,,
Monitoring Site 1,51.47.40 N,117.25.31 W,6/15/95,8.3,11.9,,180,170,,,,,,,,,,,
Monitoring Site 1,51.47.40 N,117.25.31 W,7/8/95,6.5,16,,150,115,,,,,,,,,,,
Monitoring Site 1,51.47.40 N,117.25.31 W,8/18/95,8.2,11,,80,40,,,,,,,,,,,
Monitoring Site 1,51.47.40 N,117.25.31 W,9/14/95,11,4.2,,93,20,,,,,,,,,,,
Monitoring Site 1,51.47.40 N,117.25.31 W,10/9/95,9.8,3.9,,92,25,,,,,,,,,,,
Monitoring Site 1,51.47.40 N,117.25.31 W,11/4/95,11,1.9,,88,65,,,,,,,,,,,
Monitoring Site 1,51.47.40 N,117.25.31 W,12/15/95,11.3,0.7,,85,38,,,,,,,,,,,
Monitoring Site 1,51.47.40 N,117.25.31 W,Jan 11 1996,11.3,0.7,,83,24,,,,,,,,,,,
Monitoring Site 1,51.47.40 N,117.25.31 W,2/1/96,11.3,0.8,,83,22,,,,,,,,,,,
Monitoring Site 1,51.47.40 N,117.25.31 W,3/15/96,11,0.85,,81,40,,,,,,,,,,,
Monitoring Site 1,51.47.40 N,117.25.31 W,4/12/96,10.7,5.2,,98,101,,,,,,,,,,,
Monitoring Site 1,51.47.40 N,117.25.31 W,5/11/96,10.4,6.6,,135,280,,,,,,,,,,,
Monitoring Site 1,51.47.40 N,117.25.31 W,6/15/96,8,12,,170,160,,,,,,,,,,,
Monitoring Site 1,51.47.40 N,117.25.31 W,7/8/96,6.6,15.9,,145,110,,,,,,,,,,,
Monitoring Site 1,51.47.40 N,117.25.31 W,8/18/96,8,11.5,,85,38,,,,,,,,,,,
Monitoring Site 1,51.47.40 N,117.25.31 W,9/14/96,10.5,4.5,,93,19,,,,,,,,,,,
Monitoring Site 1,51.47.40 N,117.25.31 W,10/9/96,10,4,,91,24,,,,,,,,,,,
Monitoring Site 1,51.47.40 N,117.25.31 W,11/4/96,10.9,2,,85,60,,,,,,,,,,,
Monitoring Site 1,51.47.40 N,117.25.31 W,12/15/96,11,0.9,,80,33,,,,,,,,,,,
Monitoring Site 1,51.47.40 N,117.25.31 W,Jan 9 1997,11,0.9,,91,24,,,,,,,,,,,
Monitoring Site 1,51.47.40 N,117.25.31 W,2/1/97,11,0.9,,90,26,,,,,,,,,,,
Monitoring Site 1,51.47.40 N,117.25.31 W,3/15/97,11,0.9,,95,56,,,,,,,,,,,
Monitoring Site 1,51.47.40 N,117.25.31 W,4/12/97,10.5,5.5,,101,115,,,,,,,,,,,
Monitoring Site 1,51.47.40 N,117.25.31 W,5/11/97,10.2,6.6,,134,275,,,,,,,,,,,
Monitoring Site 1,51.47.40 N,117.25.31 W,6/15/97,7.8,12.2,,160,150,,,,,,,,,,,
Monitoring Site 1,51.47.40 N,117.25.31 W,7/8/97,6.6,15.8,,140,100,,,,,,,,,,,
Monitoring Site 1,51.47.40 N,117.25.31 W,8/18/97,7.9,11.6,,80,35,,,,,,,,,,,
Monitoring Site 1,51.47.40 N,117.25.31 W,9/14/97,10.4,4.7,,93,18,,,,,,,,,,,
Monitoring Site 1,51.47.40 N,117.25.31 W,10/9/97,10.8,4.2,,90,22,,,,,,,,,,,
Monitoring Site 1,51.47.40 N,117.25.31 W,11/4/97,10.9,2.3,,80,50,,,,,,,,,,,
Monitoring Site 1,51.47.40 N,117.25.31 W,12/15/97,11.8,1,,75,30,,,,,,,,,,,
Monitoring Site 1,51.47.40 N,117.25.31 W,Jan 18 1998,11.9,0.98,,92,24,,,,,,,,,,,
Monitoring Site 1,51.47.40 N,117.25.31 W,2/1/98,12,1.2,,91,25,,,,,,,,,,,
Monitoring Site 1,51.47.40 N,117.25.31 W,3/15/98,12,1.2,,97,62,,,,,,,,,,,
Monitoring Site 1,51.47.40 N,117.25.31 W,4/12/98,10.5,5.6,,101,112,,,,,,,,,,,
Monitoring Site 1,51.47.40 N,117.25.31 W,5/11/98,10.3,6.8,,135,270,,,,,,,,,,,
Monitoring Site 1,51.47.40 N,117.25.31 W,6/15/98,7.9,12.5,,155,140,,,,,,,,,,,
Monitoring Site 1,51.47.40 N,117.25.31 W,7/8/98,6.5,15.9,,90,89,,,,,,,,,,,
Monitoring Site 1,51.47.40 N,117.25.31 W,8/18/98,7.9,11.6,,80,34,,,,,,,,,,,
Monitoring Site 1,51.47.40 N,117.25.31 W,9/14/98,10.3,4.8,,93,17,,,,,,,,,,,
Monitoring Site 1,51.47.40 N,117.25.31 W,10/9/98,10.5,4.6,,90,20,,,,,,,,,,,
Monitoring Site 1,51.47.40 N,117.25.31 W,11/4/98,10.9,2.5,,75,45,,,,,,,,,,,
Monitoring Site 1,51.47.40 N,117.25.31 W,12/15/98,11.9,1.5,,90,22,,,,,,,,,,,
Monitoring Site 1,51.47.40 N,117.25.31 W,Jan 12 1999,11.9,1.5,,90,22,,,,,,,,,,,
Monitoring Site 1,51.47.40 N,117.25.31 W,2/1/99,11.9,1.5,,90,23,,,,,,,,,,,
Monitoring Site 1,51.47.40 N,117.25.31 W,3/15/99,11.9,1.5,,96,60,,,,,,,,,,,
Monitoring Site 1,51.47.40 N,117.25.31 W,4/12/99,10.3,6,,100,110,,,,,,,,,,,
Monitoring Site 1,51.47.40 N,117.25.31 W,5/11/99,10.3,6.5,,135,265,,,,,,,,,,,
Monitoring Site 1,51.47.40 N,117.25.31 W,6/15/99,7.8,12.6,,150,135,,,,,,,,,,,
Monitoring Site 1,51.47.40 N,117.25.31 W,7/8/99,6.4,16.2,,87,85,,,,,,,,,,,
Monitoring Site 1,51.47.40 N,117.25.31 W,8/18/99,7.9,11.8,,75,33,,,,,,,,,,,
Monitoring Site 1,51.47.40 N,117.25.31 W,9/14/99,10.3,4.9,,90,15,,,,,,,,,,,
Monitoring Site 1,51.47.40 N,117.25.31 W,10/9/99,10.3,4.6,,87,18,,,,,,,,,,,
Monitoring Site 1,51.47.40 N,117.25.31 W,11/4/99,10.9,2.6,,70,40,,,,,,,,,,,
Monitoring Site 1,51.47.40 N,117.25.31 W,12/15/99,11.7,1.8,,90,21,,,,,,,,,,,
Monitoring Site 1,51.47.40 N,117.25.31 W,Jan 14 2000,11.8,1.5,,89,20,,,,,,,,,,,
Monitoring Site 1,51.47.40 N,117.25.31 W,2/1/00,11.7,1.8,,92,18,,,,,,,,,,,
Monitoring Site 1,51.47.40 N,117.25.31 W,3/15/00,11.7,1.8,,97,65,,,,,,,,,,,
Monitoring Site 1,51.47.40 N,117.25.31 W,4/12/00,9,7.2,,162,152,,,,,,,,,,,
Monitoring Site 1,51.47.40 N,117.25.31 W,5/11/00,7.5,13.2,,133,254,,,,,,,,,,,
Monitoring Site 1,51.47.40 N,117.25.31 W,6/15/00,8,12.2,,151,140,,,,,,,,,,,
Monitoring Site 1,51.47.40 N,117.25.31 W,7/8/00,10.3,5.2,,101,80,,,,,,,,,,,
Monitoring Site 1,51.47.40 N,117.25.31 W,8/18/00,10.3,5.2,,65,30,,,,,,,,,,,
Monitoring Site 1,51.47.40 N,117.25.31 W,9/14/00,11,3.1,,90,10,,,,,,,,,,,
Monitoring Site 1,51.47.40 N,117.25.31 W,10/9/00,11,3,,91,15,,,,,,,,,,,
Monitoring Site 1,51.47.40 N,117.25.31 W,11/4/00,10.9,2.6,,67,36,,,,,,,,,,,
Monitoring Site 1,51.47.40 N,117.25.31 W,12/15/00,11.7,1.9,,89,20,,,,,,,,,,,
Sample Location,Longitude,Latitude,Date,Dissolved Oxygen mg/L,Water Temperature 0C,Water Temperature 0 F,Specific Conductance umhos,Discharge ft3/sec,,,,,,,,,,,
Monitoring Site 2,51.48.27N,117.21.27W,1/15/90,12.5,1.61,,181.5,9180,,,,,,,,,,,
Monitoring Site 2,51.48.27N,117.21.27W,2/1/90,11.8,1.17,,62.5,7410,,,,,,,,,,,
Monitoring Site 2,51.48.27N,117.21.27W,3/15/90,11.8,2.33,,127.6,6100,,,,,,,,,,,
Monitoring Site 2,51.48.27N,117.21.27W,4/12/90,11.57,3.91,,177,12200,,,,,,,,,,,
Monitoring Site 2,51.48.27N,117.21.27W,5/11/90,7.89,11.35,,173.3,8000,,,,,,,,,,,
Monitoring Site 2,51.48.27N,117.21.27W,6/15/90,8.3,12.37,,99.1,13100,,,,,,,,,,,
Monitoring Site 2,51.48.27N,117.21.27W,7/8/90,9.69,18.16,,172.2,10000,,,,,,,,,,,
Monitoring Site 2,51.48.27N,117.21.27W,8/18/90,7.33,20.35,,176.9,9050,,,,,,,,,,,
Monitoring Site 2,51.48.27N,117.21.27W,9/14/90,8.85,14.23,,170.5,7950,,,,,,,,,,,
Monitoring Site 2,51.48.27N,117.21.27W,10/9/90,11.24,10.91,,179,12400,,,,,,,,,,,
Monitoring Site 2,51.48.27N,117.21.27W,11/4/90,10.3,6.52,,99.8,11000,,,,,,,,,,,
Monitoring Site 2,51.48.27N,117.21.27W,12/15/90,12.6,1.09,,171.2,8290,,,,,,,,,,,
Monitoring Site 2,51.48.27N,117.21.27W,Jan 10 1991,12.5,1.62,,185.2,9000,,,,,,,,,,,
Monitoring Site 2,51.48.27N,117.21.27W,2/1/91,11.8,1.18,,62.5,7400,,,,,,,,,,,
Monitoring Site 2,51.48.27N,117.21.27W,3/15/91,11.8,2.4,,127.6,6000,,,,,,,,,,,
Monitoring Site 2,51.48.27N,117.21.27W,4/12/91,11.57,3.92,,177,12000,,,,,,,,,,,
Monitoring Site 2,51.48.27N,117.21.27W,5/11/91,7.89,11.4,,175.3,8100,,,,,,,,,,,
Monitoring Site 2,51.48.27N,117.21.27W,6/15/91,8.3,12.37,,99,13000,,,,,,,,,,,
Monitoring Site 2,51.48.27N,117.21.27W,7/8/91,9.69,18.17,,170,10050,,,,,,,,,,,
Monitoring Site 2,51.48.27N,117.21.27W,8/18/91,7.33,20.36,,176.9,9200,,,,,,,,,,,
Monitoring Site 2,51.48.27N,117.21.27W,9/14/91,8.85,14.24,,170.5,7900,,,,,,,,,,,
Monitoring Site 2,51.48.27N,117.21.27W,10/9/91,11.24,5.55,,185,12500,,,,,,,,,,,
Monitoring Site 2,51.48.27N,117.21.27W,11/4/91,10.3,5.63,,99.8,11200,,,,,,,,,,,
Monitoring Site 2,51.48.27N,117.21.27W,12/15/91,12.6,1.1,,171.2,8300,,,,,,,,,,,
Monitoring Site 2,51.48.27N,117.21.27W,Jan 17 1992,12.5,1.65,,189,9500,,,,,,,,,,,
Monitoring Site 2,51.48.27N,117.21.27W,2/1/92,11.8,1.2,,62.5,7200,,,,,,,,,,,
Monitoring Site 2,51.48.27N,117.21.27W,3/15/92,11.8,2.6,,133.6,6100,,,,,,,,,,,
Monitoring Site 2,51.48.27N,117.21.27W,4/12/92,11.57,3.95,,177,12100,,,,,,,,,,,
Monitoring Site 2,51.48.27N,117.21.27W,5/11/92,7.89,11.5,,186,8000,,,,,,,,,,,
Monitoring Site 2,51.48.27N,117.21.27W,6/15/92,8.3,12.4,,99.1,13100,,,,,,,,,,,
Monitoring Site 2,51.48.27N,117.21.27W,7/8/92,9.69,18.19,,172.2,10000,,,,,,,,,,,
Monitoring Site 2,51.48.27N,117.21.27W,8/18/92,7.33,20.4,,180.3,9050,,,,,,,,,,,
Monitoring Site 2,51.48.27N,117.21.27W,9/14/92,8.85,12.3,,170.5,7950,,,,,,,,,,,
Monitoring Site 2,51.48.27N,117.21.27W,10/9/92,11.24,5.6,,179,12400,,,,,,,,,,,
Monitoring Site 2,51.48.27N,117.21.27W,11/4/92,10.3,5.67,,100.1,11000,,,,,,,,,,,
Monitoring Site 2,51.48.27N,117.21.27W,12/15/92,12.6,1.6,,171.2,8290,,,,,,,,,,,
Monitoring Site 2,51.48.27N,117.21.27W,Jan 12 1993,12.4,1.68,,186.3,9100,,,,,,,,,,,
Monitoring Site 2,51.48.27N,117.21.27W,2/1/93,11.7,1.35,,69,7100,,,,,,,,,,,
Monitoring Site 2,51.48.27N,117.21.27W,3/15/93,11.6,2.8,,140.2,6300,,,,,,,,,,,
Monitoring Site 2,51.48.27N,117.21.27W,4/12/93,11.4,4.2,,183,12400,,,,,,,,,,,
Monitoring Site 2,51.48.27N,117.21.27W,5/11/93,7.8,11.6,,196.2,8300,,,,,,,,,,,
Monitoring Site 2,51.48.27N,117.21.27W,6/15/93,8.2,12.6,,89.2,13000,,,,,,,,,,,
Monitoring Site 2,51.48.27N,117.21.27W,7/8/93,9.56,18.3,,175,10290,,,,,,,,,,,
Monitoring Site 2,51.48.27N,117.21.27W,8/18/93,7.3,20.1,,176.9,9200,,,,,,,,,,,
Monitoring Site 2,51.48.27N,117.21.27W,9/14/93,8.8,12.5,,170.5,8100,,,,,,,,,,,
Monitoring Site 2,51.48.27N,117.21.27W,10/9/93,11.21,5.9,,179,12900,,,,,,,,,,,
Monitoring Site 2,51.48.27N,117.21.27W,11/4/93,10.1,6.2,,99.8,11000,,,,,,,,,,,
Monitoring Site 2,51.48.27N,117.21.27W,12/15/93,12.5,1.8,,173.6,8300,,,,,,,,,,,
Monitoring Site 2,51.48.27N,117.21.27W,Jan 14 1994,12.2,1.71,,189.4,9180,,,,,,,,,,,
Monitoring Site 2,51.48.27N,117.21.27W,2/1/94,11.7,1.37,,68.7,7410,,,,,,,,,,,
Monitoring Site 2,51.48.27N,117.21.27W,3/15/94,11.5,2.9,,133.2,6100,,,,,,,,,,,
Monitoring Site 2,51.48.27N,117.21.27W,4/12/94,11.1,4.4,,177,12200,,,,,,,,,,,
Monitoring Site 2,51.48.27N,117.21.27W,5/11/94,7.4,11.8,,173.3,8000,,,,,,,,,,,
Monitoring Site 2,51.48.27N,117.21.27W,6/15/94,8,12.8,,99.1,13100,,,,,,,,,,,
Monitoring Site 2,51.48.27N,117.21.27W,7/8/94,9.5,19.1,,190.1,10000,,,,,,,,,,,
Monitoring Site 2,51.48.27N,117.21.27W,8/18/94,7.2,21.1,,180.5,9050,,,,,,,,,,,
Monitoring Site 2,51.48.27N,117.21.27W,9/14/94,8.4,12.8,,180.6,7950,,,,,,,,,,,
Monitoring Site 2,51.48.27N,117.21.27W,10/9/94,11.1,6.1,,169,12400,,,,,,,,,,,
Monitoring Site 2,51.48.27N,117.21.27W,11/4/94,10.1,6.2,,99.8,11000,,,,,,,,,,,
Monitoring Site 2,51.48.27N,117.21.27W,12/15/94,12.5,1.8,,171.2,8290,,,,,,,,,,,
Monitoring Site 2,51.48.27N,117.21.27W,Jan 17 1995,12.2,1.75,,153,8100,,,,,,,,,,,
Monitoring Site 2,51.48.27N,117.21.27W,2/1/95,11.5,1.42,,61,9100,,,,,,,,,,,
Monitoring Site 2,51.48.27N,117.21.27W,3/15/95,11.2,3.1,,117,7400,,,,,,,,,,,
Monitoring Site 2,51.48.27N,117.21.27W,4/12/95,10.9,5.1,,157,6000,,,,,,,,,,,
Monitoring Site 2,51.48.27N,117.21.27W,5/11/95,7,12,,159.3,12100,,,,,,,,,,,
Monitoring Site 2,51.48.27N,117.21.27W,6/15/95,7.9,13,,88.1,7999,,,,,,,,,,,
Monitoring Site 2,51.48.27N,117.21.27W,7/8/95,9,20.1,,162.3,13000,,,,,,,,,,,
Monitoring Site 2,51.48.27N,117.21.27W,8/18/95,7,21.5,,166.9,9999,,,,,,,,,,,
Monitoring Site 2,51.48.27N,117.21.27W,9/14/95,7.8,13.1,,160.5,9000,,,,,,,,,,,
Monitoring Site 2,51.48.27N,117.21.27W,10/9/95,11,6.5,,159.5,7900,,,,,,,,,,,
Monitoring Site 2,51.48.27N,117.21.27W,11/4/95,9.9,6.4,,99.8,12100,,,,,,,,,,,
Monitoring Site 2,51.48.27N,117.21.27W,12/15/95,12.5,1.8,,171.2,10800,,,,,,,,,,,
Monitoring Site 2,51.48.27N,117.21.27W,Jan 11 1996,12.2,1.81,,200.1,8100,,,,,,,,,,,
Monitoring Site 2,51.48.27N,117.21.27W,2/1/96,11.4,1.49,,88.2,9235,,,,,,,,,,,
Monitoring Site 2,51.48.27N,117.21.27W,3/15/96,11,3.5,,137.6,7450,,,,,,,,,,,
Monitoring Site 2,51.48.27N,117.21.27W,4/12/96,10.9,5.4,,185.1,6250,,,,,,,,,,,
Monitoring Site 2,51.48.27N,117.21.27W,5/11/96,7,12.5,,189.6,12150,,,,,,,,,,,
Monitoring Site 2,51.48.27N,117.21.27W,6/15/96,7.3,13.5,,101.2,8050,,,,,,,,,,,
Monitoring Site 2,51.48.27N,117.21.27W,7/8/96,9,20.5,,187.5,13140,,,,,,,,,,,
Monitoring Site 2,51.48.27N,117.21.27W,8/18/96,6.9,21.8,,186.5,10200,,,,,,,,,,,
Monitoring Site 2,51.48.27N,117.21.27W,9/14/96,7.6,13.4,,180.5,9130,,,,,,,,,,,
Monitoring Site 2,51.48.27N,117.21.27W,10/9/96,10.9,6.9,,189,8100,,,,,,,,,,,
Monitoring Site 2,51.48.27N,117.21.27W,11/4/96,9.9,6.4,,109.5,12300,,,,,,,,,,,
Monitoring Site 2,51.48.27N,117.21.27W,12/15/96,12,2,,181.2,10700,,,,,,,,,,,
Monitoring Site 2,51.48.27N,117.21.27W,Jan 9 1997,12,1.9,,181.5,7100,,,,,,,,,,,
Monitoring Site 2,51.48.27N,117.21.27W,2/1/97,11.4,1.8,,62.5,9100,,,,,,,,,,,
Monitoring Site 2,51.48.27N,117.21.27W,3/15/97,10.9,3.7,,127.6,7350,,,,,,,,,,,
Monitoring Site 2,51.48.27N,117.21.27W,4/12/97,10.7,5.6,,177,6000,,,,,,,,,,,
Monitoring Site 2,51.48.27N,117.21.27W,5/11/97,7,13.1,,173.3,12000,,,,,,,,,,,
Monitoring Site 2,51.48.27N,117.21.27W,6/15/97,7,13.8,,99.1,8000,,,,,,,,,,,
Monitoring Site 2,51.48.27N,117.21.27W,7/8/97,8.9,21.6,,172.2,12000,,,,,,,,,,,
Monitoring Site 2,51.48.27N,117.21.27W,8/18/97,6.5,22,,176.9,10000,,,,,,,,,,,
Monitoring Site 2,51.48.27N,117.21.27W,9/14/97,7.4,14.2,,170.5,6000,,,,,,,,,,,
Monitoring Site 2,51.48.27N,117.21.27W,10/9/97,10.8,7,,179,8500,,,,,,,,,,,
Monitoring Site 2,51.48.27N,117.21.27W,11/4/97,9.4,6.8,,99.8,12000,,,,,,,,,,,
Monitoring Site 2,51.48.27N,117.21.27W,12/15/97,11.8,2.3,,171.2,9100,,,,,,,,,,,
Monitoring Site 2,51.48.27N,117.21.27W,Jan 18 1998,11.9,2.1,,171.2,7120,,,,,,,,,,,
Monitoring Site 2,51.48.27N,117.21.27W,2/1/98,11.3,1.9,,52.5,9500,,,,,,,,,,,
Monitoring Site 2,51.48.27N,117.21.27W,3/15/98,10.9,3.9,,117.6,7250,,,,,,,,,,,
Monitoring Site 2,51.48.27N,117.21.27W,4/12/98,10.5,5.8,,157,5999,,,,,,,,,,,
Monitoring Site 2,51.48.27N,117.21.27W,5/11/98,6.9,13.5,,163.2,11999,,,,,,,,,,,
Monitoring Site 2,51.48.27N,117.21.27W,6/15/98,7,13.8,,89.1,9870,,,,,,,,,,,
Monitoring Site 2,51.48.27N,117.21.27W,7/8/98,8.8,21.8,,162.4,11000,,,,,,,,,,,
Monitoring Site 2,51.48.27N,117.21.27W,8/18/98,6.4,23,,176.9,9600,,,,,,,,,,,
Monitoring Site 2,51.48.27N,117.21.27W,9/14/98,7.2,14.5,,160.2,5700,,,,,,,,,,,
Monitoring Site 2,51.48.27N,117.21.27W,10/9/98,10.7,7.3,,169.1,7500,,,,,,,,,,,
Monitoring Site 2,51.48.27N,117.21.27W,11/4/98,9,7,,89.2,11200,,,,,,,,,,,
Monitoring Site 2,51.48.27N,117.21.27W,12/15/98,11.3,2.5,,151.2,8740,,,,,,,,,,,
Monitoring Site 2,51.48.27N,117.21.27W,Jan 12 1999,11.9,2.3,,150.2,7000,,,,,,,,,,,
Monitoring Site 2,51.48.27N,117.21.27W,2/1/99,11,2.1,,52.2,9200,,,,,,,,,,,
Monitoring Site 2,51.48.27N,117.21.27W,3/15/99,10.7,4.1,,117.5,7000,,,,,,,,,,,
Monitoring Site 2,51.48.27N,117.21.27W,4/12/99,10,6,,220,5500,,,,,,,,,,,
Monitoring Site 2,51.48.27N,117.21.27W,5/11/99,6.5,13.8,,236.2,11300,,,,,,,,,,,
Monitoring Site 2,51.48.27N,117.21.27W,6/15/99,6.5,13.8,,89.1,9500,,,,,,,,,,,
Monitoring Site 2,51.48.27N,117.21.27W,7/8/99,8.5,22,,170.1,10400,,,,,,,,,,,
Monitoring Site 2,51.48.27N,117.21.27W,8/18/99,6.4,23.5,,156.3,8700,,,,,,,,,,,
Monitoring Site 2,51.48.27N,117.21.27W,9/14/99,7,14.8,,160.2,4800,,,,,,,,,,,
Monitoring Site 2,51.48.27N,117.21.27W,10/9/99,10.5,7.5,,159,6900,,,,,,,,,,,
Monitoring Site 2,51.48.27N,117.21.27W,11/4/99,8.8,7.5,,88,10780,,,,,,,,,,,
Monitoring Site 2,51.48.27N,117.21.27W,12/15/99,11,2.7,,154,8200,,,,,,,,,,,
Monitoring Site 2,51.48.27N,117.21.27W,Jan 14 2000,11.9,2.3,,181.5,6800,,,,,,,,,,,
Monitoring Site 2,51.48.27N,117.21.27W,2/1/00,11,2.1,,62.5,9100,,,,,,,,,,,
Monitoring Site 2,51.48.27N,117.21.27W,3/15/00,10.7,4.1,,127.6,6800,,,,,,,,,,,
Monitoring Site 2,51.48.27N,117.21.27W,4/12/00,10,6,,177,4800,,,,,,,,,,,
Monitoring Site 2,51.48.27N,117.21.27W,5/11/00,6.3,14.2,,173.3,10450,,,,,,,,,,,
Monitoring Site 2,51.48.27N,117.21.27W,6/15/00,6,15.3,,99.1,8950,,,,,,,,,,,
Monitoring Site 2,51.48.27N,117.21.27W,7/8/00,8,22.5,,172.2,9700,,,,,,,,,,,
Monitoring Site 2,51.48.27N,117.21.27W,8/18/00,6,23.9,,176.9,7800,,,,,,,,,,,
Monitoring Site 2,51.48.27N,117.21.27W,9/14/00,6.9,15.2,,170.5,3780,,,,,,,,,,,
Monitoring Site 2,51.48.27N,117.21.27W,10/9/00,10.5,7.8,,179,5780,,,,,,,,,,,
Monitoring Site 2,51.48.27N,117.21.27W,11/4/00,8.8,7.5,,99.8,9650,,,,,,,,,,,
Monitoring Site 2,51.48.27N,117.21.27W,12/15/00,11,2.7,,171.2,75890,,,,,,,,,,,
Sample Location,Longitude,Latitude,Date,Dissolved Oxygen mg/L,Water Temperature 0C,Water Temperature 0 F,Specific Conductance umhos,Discharge ft3/sec,,,,,,,,,,,
Monitoring Site 3,51.48.57N,117.20.21W,1/15/90,11.54,4.17,,307,9180,,,,,,,,,,,
Monitoring Site 3,51.48.57N,117.20.21W,2/1/90,11.18,6.8,,273,7410,,,,,,,,,,,
Monitoring Site 3,51.48.57N,117.20.21W,3/15/90,11.1,6.9,,288,6100,,,,,,,,,,,
Monitoring Site 3,51.48.57N,117.20.21W,4/12/90,11.18,14.17,,273,12200,,,,,,,,,,,
Monitoring Site 3,51.48.57N,117.20.21W,5/11/90,8.84,14.17,,236,8000,,,,,,,,,,,
Monitoring Site 3,51.48.57N,117.20.21W,6/15/90,10.58,16.39,,236,13100,,,,,,,,,,,
Monitoring Site 3,51.48.57N,117.20.21W,7/8/90,10.54,16.39,,240,10000,,,,,,,,,,,
Monitoring Site 3,51.48.57N,117.20.21W,8/18/90,10.2,17.5,,230,9050,,,,,,,,,,,
Monitoring Site 3,51.48.57N,117.20.21W,9/14/90,10.3,17.2,,241,7950,,,,,,,,,,,
Monitoring Site 3,51.48.57N,117.20.21W,10/9/90,11.8,13.5,,236,12400,,,,,,,,,,,
Monitoring Site 3,51.48.57N,117.20.21W,11/4/90,11.8,6.5,,230,11000,,,,,,,,,,,
Monitoring Site 3,51.48.57N,117.20.21W,12/15/90,11.8,4,,263,8290,,,,,,,,,,,
Monitoring Site 3,51.48.57N,117.20.21W,Jan 10 1991,11.54,4.15,,307,9000,,,,,,,,,,,
Monitoring Site 3,51.49.05 N,117.20.01W,2/1/91,11.18,6.8,,275,7400,,,,,,,,,,,
Monitoring Site 3,51.49.05 N,117.20.01W,3/15/91,11.1,6.9,,288,6000,,,,,,,,,,,
Monitoring Site 3,51.49.05 N,117.20.01W,4/12/91,11.18,14.17,,273,12000,,,,,,,,,,,
Monitoring Site 3,51.49.05 N,117.20.01W,5/11/91,8.84,14.12,,236,8100,,,,,,,,,,,
Monitoring Site 3,51.49.05 N,117.20.01W,6/15/91,10.58,16.39,,236,13000,,,,,,,,,,,
Monitoring Site 3,51.49.05 N,117.20.01W,7/8/91,10.54,16.39,,240,10050,,,,,,,,,,,
Monitoring Site 3,51.49.05 N,117.20.01W,8/18/91,10.2,17.3,,230,9200,,,,,,,,,,,
Monitoring Site 3,51.49.05 N,117.20.01W,9/14/91,10.3,17.2,,240,7900,,,,,,,,,,,
Monitoring Site 3,51.49.05 N,117.20.01W,10/9/91,11.8,13.7,,236,12500,,,,,,,,,,,
Monitoring Site 3,51.49.05 N,117.20.01W,11/4/91,11.8,6.2,,230,11200,,,,,,,,,,,
Monitoring Site 3,51.49.05 N,117.20.01W,12/15/91,11.8,3.7,,258,8300,,,,,,,,,,,
Monitoring Site 3,51.49.05 N,117.20.01W,Jan 17 1992,11.8,4.2,,263,9500,,,,,,,,,,,
Monitoring Site 3,51.49.05 N,117.20.01W,2/1/92,11.54,4.15,,310,7200,,,,,,,,,,,
Monitoring Site 3,51.49.05 N,117.20.01W,3/15/92,11.18,6.9,,275,6100,,,,,,,,,,,
Monitoring Site 3,51.49.05 N,117.20.01W,4/12/92,11.1,6.8,,288,12100,,,,,,,,,,,
Monitoring Site 3,51.49.05 N,117.20.01W,5/11/92,11.18,14.2,,273,8000,,,,,,,,,,,
Monitoring Site 3,51.49.05 N,117.20.01W,6/15/92,8.84,14.3,,236,13100,,,,,,,,,,,
Monitoring Site 3,51.49.05 N,117.20.01W,7/8/92,10.58,16.4,,245,10000,,,,,,,,,,,
Monitoring Site 3,51.49.05 N,117.20.01W,8/18/92,10.54,16.39,,240,9050,,,,,,,,,,,
Monitoring Site 3,51.49.05 N,117.20.01W,9/14/92,10.2,17.3,,230,7950,,,,,,,,,,,
Monitoring Site 3,51.49.05 N,117.20.01W,10/9/92,10.3,13.7,,240,12400,,,,,,,,,,,
Monitoring Site 3,51.49.05 N,117.20.01W,11/4/92,11.8,6,,236,11000,,,,,,,,,,,
Monitoring Site 3,51.49.05 N,117.20.01W,12/15/92,11.8,6,,233,8290,,,,,,,,,,,
Monitoring Site 3,51.49.05 N,117.20.01W,Jan 12 1993,11.8,3.8,,261,9100,,,,,,,,,,,
Monitoring Site 3,51.49.05 N,117.20.01W,2/1/93,11.8,3.8,,257,7100,,,,,,,,,,,
Monitoring Site 3,51.49.05 N,117.20.01W,3/15/93,11.8,4.2,,263,6300,,,,,,,,,,,
Monitoring Site 3,51.49.05 N,117.20.01W,4/12/93,11.5,4.3,,310,12400,,,,,,,,,,,
Monitoring Site 3,51.49.05 N,117.20.01W,5/11/93,11.18,6.8,,275,8300,,,,,,,,,,,
Monitoring Site 3,51.49.05 N,117.20.01W,6/15/93,11.1,6.8,,288,13000,,,,,,,,,,,
Monitoring Site 3,51.49.05 N,117.20.01W,7/8/93,11.18,14.2,,273,10290,,,,,,,,,,,
Monitoring Site 3,51.49.05 N,117.20.01W,8/18/93,8.84,14.3,,236,9200,,,,,,,,,,,
Monitoring Site 3,51.49.05 N,117.20.01W,9/14/93,10.58,16.4,,244,8100,,,,,,,,,,,
Monitoring Site 3,51.49.05 N,117.20.01W,10/9/93,10.54,13.1,,240,12900,,,,,,,,,,,
Monitoring Site 3,51.49.05 N,117.20.01W,11/4/93,10.2,6.2,,230,11000,,,,,,,,,,,
Monitoring Site 3,51.49.05 N,117.20.01W,12/15/93,10.3,5.3,,240,8300,,,,,,,,,,,
Monitoring Site 3,51.49.05 N,117.20.01W,Jan 14 1994,11.8,3.8,,261,9180,,,,,,,,,,,
Monitoring Site 3,51.49.05 N,117.20.01W,2/1/94,11.8,3.8,,257,7410,,,,,,,,,,,
Monitoring Site 3,51.49.05 N,117.20.01W,3/15/94,11.8,4.3,,263,6100,,,,,,,,,,,
Monitoring Site 3,51.49.05 N,117.20.01W,4/12/94,11.3,4.6,,310,12200,,,,,,,,,,,
Monitoring Site 3,51.49.05 N,117.20.01W,5/11/94,11.18,6.8,,275,8000,,,,,,,,,,,
Monitoring Site 3,51.49.05 N,117.20.01W,6/15/94,11,6.9,,288,13100,,,,,,,,,,,
Monitoring Site 3,51.49.05 N,117.20.01W,7/8/94,11.1,14.6,,273,10000,,,,,,,,,,,
Monitoring Site 3,51.49.05 N,117.20.01W,8/18/94,8.8,14.8,,236,9050,,,,,,,,,,,
Monitoring Site 3,51.49.05 N,117.20.01W,9/14/94,10.58,16.4,,244,7950,,,,,,,,,,,
Monitoring Site 3,51.49.05 N,117.20.01W,10/9/94,10.54,16.5,,240,12400,,,,,,,,,,,
Monitoring Site 3,51.49.05 N,117.20.01W,11/4/94,10.2,17.3,,230,11000,,,,,,,,,,,
Monitoring Site 3,51.49.05 N,117.20.01W,12/15/94,10.3,17.1,,240,8290,,,,,,,,,,,
Monitoring Site 3,51.49.05 N,117.20.01W,Jan 17 1995,11.8,3.8,,261,8100,,,,,,,,,,,
Monitoring Site 3,51.49.05 N,117.20.01W,2/1/95,11.8,3.8,,257,9100,,,,,,,,,,,
Monitoring Site 3,51.49.05 N,117.20.01W,3/15/95,11.8,4.2,,263,7400,,,,,,,,,,,
Monitoring Site 3,51.49.05 N,117.20.01W,4/12/95,11.5,4.3,,310,6000,,,,,,,,,,,
Monitoring Site 3,51.49.05 N,117.20.01W,5/11/95,11.18,6.8,,275,12100,,,,,,,,,,,
Monitoring Site 3,51.49.05 N,117.20.01W,6/15/95,11.1,6.8,,288,7999,,,,,,,,,,,
Monitoring Site 3,51.49.05 N,117.20.01W,7/8/95,11.18,14.2,,273,13000,,,,,,,,,,,
Monitoring Site 3,51.49.05 N,117.20.01W,8/18/95,8.84,14.3,,236,9999,,,,,,,,,,,
Monitoring Site 3,51.49.05 N,117.20.01W,9/14/95,10.58,16.4,,244,9000,,,,,,,,,,,
Monitoring Site 3,51.49.05 N,117.20.01W,10/9/95,9.6,13.8,,240,7900,,,,,,,,,,,
Monitoring Site 3,51.49.05 N,117.20.01W,11/4/95,10.8,6.4,,230,12100,,,,,,,,,,,
Monitoring Site 3,51.49.05 N,117.20.01W,12/15/95,10.9,4.1,,240,10800,,,,,,,,,,,
Monitoring Site 3,51.49.05 N,117.20.01W,Jan 11 1996,11.8,4.2,,251,8100,,,,,,,,,,,
Monitoring Site 3,51.49.05 N,117.20.01W,2/1/96,11.6,4.4,,257,9235,,,,,,,,,,,
Monitoring Site 3,51.49.05 N,117.20.01W,3/15/96,11.2,4.6,,263,7450,,,,,,,,,,,
Monitoring Site 3,51.49.05 N,117.20.01W,4/12/96,11,5,,310,6250,,,,,,,,,,,
Monitoring Site 3,51.49.05 N,117.20.01W,5/11/96,10.95,7.21,,275,12150,,,,,,,,,,,
Monitoring Site 3,51.49.05 N,117.20.01W,6/15/96,10.94,7.5,,288,8050,,,,,,,,,,,
Monitoring Site 3,51.49.05 N,117.20.01W,7/8/96,10.6,15.2,,253,13140,,,,,,,,,,,
Monitoring Site 3,51.49.05 N,117.20.01W,8/18/96,8.5,15.8,,236,10200,,,,,,,,,,,
Monitoring Site 3,51.49.05 N,117.20.01W,9/14/96,10.58,16.4,,233,9130,,,,,,,,,,,
Monitoring Site 3,51.49.05 N,117.20.01W,10/9/96,9.6,13.8,,240,8100,,,,,,,,,,,
Monitoring Site 3,51.49.05 N,117.20.01W,11/4/96,10.8,6.4,,230,12300,,,,,,,,,,,
Monitoring Site 3,51.49.05 N,117.20.01W,12/15/96,10.9,4.1,,237,10700,,,,,,,,,,,
Monitoring Site 3,51.49.05 N,117.20.01W,Jan 9 1997,11.8,4.2,,265.3,7100,,,,,,,,,,,
Monitoring Site 3,51.49.05 N,117.20.01W,2/1/97,11.4,4.68,,275.2,9100,,,,,,,,,,,
Monitoring Site 3,51.49.05 N,117.20.01W,3/15/97,11.2,4.6,,273,7350,,,,,,,,,,,
Monitoring Site 3,51.49.05 N,117.20.01W,4/12/97,10.98,5.6,,322,6000,,,,,,,,,,,
Monitoring Site 3,51.49.05 N,117.20.01W,5/11/97,10.9,7.5,,276,12000,,,,,,,,,,,
Monitoring Site 3,51.49.05 N,117.20.01W,6/15/97,10.94,7.5,,298,8000,,,,,,,,,,,
Monitoring Site 3,51.49.05 N,117.20.01W,7/8/97,10.2,15.8,,253,12000,,,,,,,,,,,
Monitoring Site 3,51.49.05 N,117.20.01W,8/18/97,8.3,16.2,,236,10000,,,,,,,,,,,
Monitoring Site 3,51.49.05 N,117.20.01W,9/14/97,10.58,16.4,,243,6000,,,,,,,,,,,
Monitoring Site 3,51.49.05 N,117.20.01W,10/9/97,9.6,13.8,,250,8500,,,,,,,,,,,
Monitoring Site 3,51.49.05 N,117.20.01W,11/4/97,10.8,6.4,,237,12000,,,,,,,,,,,
Monitoring Site 3,51.49.05 N,117.20.01W,12/15/97,10.9,4.3,,227,9100,,,,,,,,,,,
Monitoring Site 3,51.49.05 N,117.20.01W,Jan 18 1998,11.8,4.3,,255.3,7120,,,,,,,,,,,
Monitoring Site 3,51.49.05 N,117.20.01W,2/1/98,11.4,4.71,,265.4,9500,,,,,,,,,,,
Monitoring Site 3,51.49.05 N,117.20.01W,3/15/98,11.2,4.8,,276.3,7250,,,,,,,,,,,
Monitoring Site 3,51.49.05 N,117.20.01W,4/12/98,10.98,5.6,,333,5999,,,,,,,,,,,
Monitoring Site 3,51.49.05 N,117.20.01W,5/11/98,10.9,7.6,,278,11999,,,,,,,,,,,
Monitoring Site 3,51.49.05 N,117.20.01W,6/15/98,10.9,7.75,,298,9870,,,,,,,,,,,
Monitoring Site 3,51.49.05 N,117.20.01W,7/8/98,10.1,16.1,,243,11000,,,,,,,,,,,
Monitoring Site 3,51.49.05 N,117.20.01W,8/18/98,8.2,16.2,,236,9600,,,,,,,,,,,
Monitoring Site 3,51.49.05 N,117.20.01W,9/14/98,10.5,16.4,,243,5700,,,,,,,,,,,
Monitoring Site 3,51.49.05 N,117.20.01W,10/9/98,9.5,14.23,,250,7500,,,,,,,,,,,
Monitoring Site 3,51.49.05 N,117.20.01W,11/4/98,10.8,6.5,,231,11200,,,,,,,,,,,
Monitoring Site 3,51.49.05 N,117.20.01W,12/15/98,10.9,4.3,,221,8740,,,,,,,,,,,
Monitoring Site 3,51.49.05 N,117.20.01W,Jan 12 1999,11,4.8,,281,7000,,,,,,,,,,,
Monitoring Site 3,51.49.05 N,117.20.01W,2/1/99,10.99,4.81,,276,9200,,,,,,,,,,,
Monitoring Site 3,51.49.05 N,117.20.01W,3/15/99,11.2,4.8,,266,7000,,,,,,,,,,,
Monitoring Site 3,51.49.05 N,117.20.01W,4/12/99,10.9,5.8,,353,5500,,,,,,,,,,,
Monitoring Site 3,51.49.05 N,117.20.01W,5/11/99,10.8,7.6,,298,11300,,,,,,,,,,,
Monitoring Site 3,51.49.05 N,117.20.01W,6/15/99,10.7,7.75,,299,9500,,,,,,,,,,,
Monitoring Site 3,51.49.05 N,117.20.01W,7/8/99,9.8,16.1,,244,10400,,,,,,,,,,,
Monitoring Site 3,51.49.05 N,117.20.01W,8/18/99,8.2,16.2,,226,8700,,,,,,,,,,,
Monitoring Site 3,51.49.05 N,117.20.01W,9/14/99,8,16.4,,233,4800,,,,,,,,,,,
Monitoring Site 3,51.49.05 N,117.20.01W,10/9/99,9.1,14.23,,241,6900,,,,,,,,,,,
Monitoring Site 3,51.49.05 N,117.20.01W,11/4/99,10.7,6.5,,231,10780,,,,,,,,,,,
Monitoring Site 3,51.49.05 N,117.20.01W,12/15/99,10.9,4.3,,233,8200,,,,,,,,,,,
Monitoring Site 3,51.49.05 N,117.20.01W,Jan 14 2000,10.8,5,,287,6800,,,,,,,,,,,
Monitoring Site 3,51.49.05 N,117.20.01W,2/1/00,10.8,4.92,,281,9100,,,,,,,,,,,
Monitoring Site 3,51.49.05 N,117.20.01W,3/15/00,10.7,4.95,,266,6800,,,,,,,,,,,
Monitoring Site 3,51.49.05 N,117.20.01W,4/12/00,10.6,5.8,,357,4800,,,,,,,,,,,
Monitoring Site 3,51.49.05 N,117.20.01W,5/11/00,10.8,7.6,,302,10450,,,,,,,,,,,
Monitoring Site 3,51.49.05 N,117.20.01W,6/15/00,10.7,7.75,,299,8950,,,,,,,,,,,
Monitoring Site 3,51.49.05 N,117.20.01W,7/8/00,9.4,16.5,,244,9700,,,,,,,,,,,
Monitoring Site 3,51.49.05 N,117.20.01W,8/18/00,8.2,17,,227,7800,,,,,,,,,,,
Monitoring Site 3,51.49.05 N,117.20.01W,9/14/00,8.4,16.9,,233,3780,,,,,,,,,,,
Monitoring Site 3,51.49.05 N,117.20.01W,10/9/00,9.1,14.23,,241,5780,,,,,,,,,,,
Monitoring Site 3,51.49.05 N,117.20.01W,11/4/00,10.7,6.5,,231,9650,,,,,,,,,,,
Monitoring Site 3,51.49.05 N,117.20.01W,12/15/00,10.8,4.7,,237,75890,,,,,,,,,,,
Sample Location,Longitude,Latitude,Date,Dissolved Oxygen mg/L,Water Temperature 0C,Water Temperature 0 F,Specific Conductance umhos,,,,,,,,,,,,
Monitoring Site 4,51.47.47N,117.22.44W,1/15/90,11.8,4,,115.1,,,,,,,,,,,,
Monitoring Site 4,51.47.47N,117.22.44W,2/1/90,11.8,4,,115.2,,,,,,,,,,,,
Monitoring Site 4,51.47.47N,117.22.44W,3/15/90,11.8,4,,115.1,,,,,,,,,,,,
Monitoring Site 4,51.47.47N,117.22.44W,4/12/90,11.2,5.6,,117.3,,,,,,,,,,,,
Monitoring Site 4,51.47.47N,117.22.44W,5/11/90,10.8,8.62,,139.6,,,,,,,,,,,,
Monitoring Site 4,51.47.47N,117.22.44W,6/15/90,8.87,14.17,,127.2,,,,,,,,,,,,
Monitoring Site 4,51.47.47N,117.22.44W,7/8/90,8.89,16.8,,127.5,,,,,,,,,,,,
Monitoring Site 4,51.47.47N,117.22.44W,8/18/90,11.1,10.98,,126,,,,,,,,,,,,
Monitoring Site 4,51.47.47N,117.22.44W,9/14/90,7.76,10.73,,96.4,,,,,,,,,,,,
Monitoring Site 4,51.47.47N,117.22.44W,10/9/90,9.08,14.71,,165.1,,,,,,,,,,,,
Monitoring Site 4,51.47.47N,117.22.44W,11/4/90,10.8,8.9,,125,,,,,,,,,,,,
Monitoring Site 4,51.47.47N,117.22.44W,12/15/90,11.4,5.2,,127,,,,,,,,,,,,
Monitoring Site 4,51.47.47N,117.22.44W,Jan 10 1991,11.8,4,,115.1,,,,,,,,,,,,
Monitoring Site 4,51.47.47N,117.22.44W,2/1/91,11.8,4,,115.2,,,,,,,,,,,,
Monitoring Site 4,51.47.47N,117.22.44W,3/15/91,11.8,4,,115.1,,,,,,,,,,,,
Monitoring Site 4,51.47.47N,117.22.44W,4/12/91,11.2,5.6,,117.3,,,,,,,,,,,,
Monitoring Site 4,51.47.47N,117.22.44W,5/11/91,10.8,8.62,,139.6,,,,,,,,,,,,
Monitoring Site 4,51.47.47N,117.22.44W,6/15/91,8.87,14.17,,127.2,,,,,,,,,,,,
Monitoring Site 4,51.47.47N,117.22.44W,7/8/91,8.89,16.8,,127.5,,,,,,,,,,,,
Monitoring Site 4,51.47.47N,117.22.44W,8/18/91,11.1,10.98,,126,,,,,,,,,,,,
Monitoring Site 4,51.47.47N,117.22.44W,9/14/91,7.76,10.73,,96.4,,,,,,,,,,,,
Monitoring Site 4,51.47.47N,117.22.44W,10/9/91,9.08,14.71,,165.1,,,,,,,,,,,,
Monitoring Site 4,51.47.47N,117.22.44W,11/4/91,10.8,8.9,,125,,,,,,,,,,,,
Monitoring Site 4,51.47.47N,117.22.44W,12/15/91,11.4,5.2,,127,,,,,,,,,,,,
Monitoring Site 4,51.47.47N,117.22.44W,Jan 17 1992,11.8,4,,115.1,,,,,,,,,,,,
Monitoring Site 4,51.47.47N,117.22.44W,2/1/92,11.8,4,,115.2,,,,,,,,,,,,
Monitoring Site 4,51.47.47N,117.22.44W,3/15/92,11.8,4,,115.1,,,,,,,,,,,,
Monitoring Site 4,51.47.47N,117.22.44W,4/12/92,11.2,5.6,,117.3,,,,,,,,,,,,
Monitoring Site 4,51.47.47N,117.22.44W,5/11/92,10.8,8.62,,139.6,,,,,,,,,,,,
Monitoring Site 4,51.47.47N,117.22.44W,6/15/92,8.87,14.17,,127.2,,,,,,,,,,,,
Monitoring Site 4,51.47.47N,117.22.44W,7/8/92,8.89,16.8,,127.5,,,,,,,,,,,,
Monitoring Site 4,51.47.47N,117.22.44W,8/18/92,11.1,10.98,,126,,,,,,,,,,,,
Monitoring Site 4,51.47.47N,117.22.44W,9/14/92,7.76,10.73,,96.4,,,,,,,,,,,,
Monitoring Site 4,51.47.47N,117.22.44W,10/9/92,9.08,14.71,,165.1,,,,,,,,,,,,
Monitoring Site 4,51.47.47N,117.22.44W,11/4/92,10.8,8.9,,125,,,,,,,,,,,,
Monitoring Site 4,51.47.47N,117.22.44W,12/15/92,11.4,5.2,,127,,,,,,,,,,,,
Monitoring Site 4,51.47.47N,117.22.44W,Jan 12 1993,11.8,4,,115.1,,,,,,,,,,,,
Monitoring Site 4,51.47.47N,117.22.44W,2/1/93,11.8,4,,115.2,,,,,,,,,,,,
Monitoring Site 4,51.47.47N,117.22.44W,3/15/93,11.8,4,,115.1,,,,,,,,,,,,
Monitoring Site 4,51.47.47N,117.22.44W,4/12/93,11.2,5.6,,117.3,,,,,,,,,,,,
Monitoring Site 4,51.47.47N,117.22.44W,5/11/93,10.8,8.62,,139.6,,,,,,,,,,,,
Monitoring Site 4,51.47.47N,117.22.44W,6/15/93,8.6,14.23,,127.2,,,,,,,,,,,,
Monitoring Site 4,51.47.47N,117.22.44W,7/8/93,8.3,16.9,,127.5,,,,,,,,,,,,
Monitoring Site 4,51.47.47N,117.22.44W,8/18/93,11,11.2,,126,,,,,,,,,,,,
Monitoring Site 4,51.47.47N,117.22.44W,9/14/93,7.7,11.24,,96.4,,,,,,,,,,,,
Monitoring Site 4,51.47.47N,117.22.44W,10/9/93,9,14.71,,165.1,,,,,,,,,,,,
Monitoring Site 4,51.47.47N,117.22.44W,11/4/93,10.6,8.9,,125,,,,,,,,,,,,
Monitoring Site 4,51.47.47N,117.22.44W,12/15/93,11.2,5.2,,127,,,,,,,,,,,,
Monitoring Site 4,51.47.47N,117.22.44W,Jan 14 1994,11.8,4,,115.1,,,,,,,,,,,,
Monitoring Site 4,51.47.47N,117.22.44W,2/1/94,11.8,4,,115.2,,,,,,,,,,,,
Monitoring Site 4,51.47.47N,117.22.44W,3/15/94,11.8,4,,115.1,,,,,,,,,,,,
Monitoring Site 4,51.47.47N,117.22.44W,4/12/94,11.2,5.6,,117.3,,,,,,,,,,,,
Monitoring Site 4,51.47.47N,117.22.44W,5/11/94,10.8,8.62,,139.6,,,,,,,,,,,,
Monitoring Site 4,51.47.47N,117.22.44W,6/15/94,8.6,14.3,,127.2,,,,,,,,,,,,
Monitoring Site 4,51.47.47N,117.22.44W,7/8/94,8.3,16.4,,127.5,,,,,,,,,,,,
Monitoring Site 4,51.47.47N,117.22.44W,8/18/94,11,11.4,,126,,,,,,,,,,,,
Monitoring Site 4,51.47.47N,117.22.44W,9/14/94,7.7,11.3,,96.4,,,,,,,,,,,,
Monitoring Site 4,51.47.47N,117.22.44W,10/9/94,9,14.7,,165.1,,,,,,,,,,,,
Monitoring Site 4,51.47.47N,117.22.44W,11/4/94,10.6,8.9,,125,,,,,,,,,,,,
Monitoring Site 4,51.47.47N,117.22.44W,12/15/94,11.2,5.2,,127,,,,,,,,,,,,
Monitoring Site 4,51.47.47N,117.22.44W,Jan 17 1995,11.8,4,,115.1,,,,,,,,,,,,
Monitoring Site 4,51.47.47N,117.22.44W,2/1/95,11.8,4,,115.2,,,,,,,,,,,,
Monitoring Site 4,51.47.47N,117.22.44W,3/15/95,11.8,4,,115.1,,,,,,,,,,,,
Monitoring Site 4,51.47.47N,117.22.44W,4/12/95,11.2,5.6,,117.3,,,,,,,,,,,,
Monitoring Site 4,51.47.47N,117.22.44W,5/11/95,10.7,8.8,,139.6,,,,,,,,,,,,
Monitoring Site 4,51.47.47N,117.22.44W,6/15/95,8.2,14.4,,127.2,,,,,,,,,,,,
Monitoring Site 4,51.47.47N,117.22.44W,7/8/95,8.1,16.2,,127.5,,,,,,,,,,,,
Monitoring Site 4,51.47.47N,117.22.44W,8/18/95,6.8,22.4,,126,,,,,,,,,,,,
Monitoring Site 4,51.47.47N,117.22.44W,9/14/95,11,11.58,,96.4,,,,,,,,,,,,
Monitoring Site 4,51.47.47N,117.22.44W,10/9/95,8.9,14.8,,165.1,,,,,,,,,,,,
Monitoring Site 4,51.47.47N,117.22.44W,11/4/95,10.6,8.9,,125,,,,,,,,,,,,
Monitoring Site 4,51.47.47N,117.22.44W,12/15/95,11.2,5.2,,127,,,,,,,,,,,,
Monitoring Site 4,51.47.47N,117.22.44W,Jan 11 1996,11.8,4,,115.1,,,,,,,,,,,,
Monitoring Site 4,51.47.47N,117.22.44W,2/1/96,11.8,4,,115.2,,,,,,,,,,,,
Monitoring Site 4,51.47.47N,117.22.44W,3/15/96,11.8,4,,115.1,,,,,,,,,,,,
Monitoring Site 4,51.47.47N,117.22.44W,4/12/96,11.2,5.6,,117.3,,,,,,,,,,,,
Monitoring Site 4,51.47.47N,117.22.44W,5/11/96,10.8,8.62,,139.6,,,,,,,,,,,,
Monitoring Site 4,51.47.47N,117.22.44W,6/15/96,8.6,14.23,,127.2,,,,,,,,,,,,
Monitoring Site 4,51.47.47N,117.22.44W,7/8/96,8.3,16.9,,127.5,,,,,,,,,,,,
Monitoring Site 4,51.47.47N,117.22.44W,8/18/96,11,11.2,,126,,,,,,,,,,,,
Monitoring Site 4,51.47.47N,117.22.44W,9/14/96,7.7,11.24,,96.4,,,,,,,,,,,,
Monitoring Site 4,51.47.47N,117.22.44W,10/9/96,9,14.71,,165.1,,,,,,,,,,,,
Monitoring Site 4,51.47.47N,117.22.44W,11/4/96,10.6,8.9,,125,,,,,,,,,,,,
Monitoring Site 4,51.47.47N,117.22.44W,12/15/96,11.2,5.2,,127,,,,,,,,,,,,
Monitoring Site 4,51.47.47N,117.22.44W,Jan 9 1997,11.8,4,,115.1,,,,,,,,,,,,
Monitoring Site 4,51.47.47N,117.22.44W,2/1/97,11.8,4,,115.2,,,,,,,,,,,,
Monitoring Site 4,51.47.47N,117.22.44W,3/15/97,11.8,4,,115.1,,,,,,,,,,,,
Monitoring Site 4,51.47.47N,117.22.44W,4/12/97,11.2,5.6,,117.3,,,,,,,,,,,,
Monitoring Site 4,51.47.47N,117.22.44W,5/11/97,10.8,8.62,,139.6,,,,,,,,,,,,
Monitoring Site 4,51.47.47N,117.22.44W,6/15/97,8.6,14.23,,127.2,,,,,,,,,,,,
Monitoring Site 4,51.47.47N,117.22.44W,7/8/97,8.3,16.9,,127.5,,,,,,,,,,,,
Monitoring Site 4,51.47.47N,117.22.44W,8/18/97,11,11.2,,126,,,,,,,,,,,,
Monitoring Site 4,51.47.47N,117.22.44W,9/14/97,7.7,11.24,,96.4,,,,,,,,,,,,
Monitoring Site 4,51.47.47N,117.22.44W,10/9/97,9,14.71,,165.1,,,,,,,,,,,,
Monitoring Site 4,51.47.47N,117.22.44W,11/4/97,10.6,8.9,,125,,,,,,,,,,,,
Monitoring Site 4,51.47.47N,117.22.44W,12/15/97,11.2,5.2,,127,,,,,,,,,,,,
Monitoring Site 4,51.47.47N,117.22.44W,Jan 18 1998,11.8,4,,115.1,,,,,,,,,,,,
Monitoring Site 4,51.47.47N,117.22.44W,2/1/98,11.8,4,,115.2,,,,,,,,,,,,
Monitoring Site 4,51.47.47N,117.22.44W,3/15/98,11.8,4,,115.1,,,,,,,,,,,,
Monitoring Site 4,51.47.47N,117.22.44W,4/12/98,11.2,5.6,,117.3,,,,,,,,,,,,
Monitoring Site 4,51.47.47N,117.22.44W,5/11/98,10.8,8.62,,139.6,,,,,,,,,,,,
Monitoring Site 4,51.47.47N,117.22.44W,6/15/98,8.6,14.23,,127.2,,,,,,,,,,,,
Monitoring Site 4,51.47.47N,117.22.44W,7/8/98,8.3,16.9,,127.5,,,,,,,,,,,,
Monitoring Site 4,51.47.47N,117.22.44W,8/18/98,11,11.2,,126,,,,,,,,,,,,
Monitoring Site 4,51.47.47N,117.22.44W,9/14/98,7.7,11.24,,96.4,,,,,,,,,,,,
Monitoring Site 4,51.47.47N,117.22.44W,10/9/98,9,14.71,,165.1,,,,,,,,,,,,
Monitoring Site 4,51.47.47N,117.22.44W,11/4/98,10.6,8.9,,125,,,,,,,,,,,,
Monitoring Site 4,51.47.47N,117.22.44W,12/15/98,11.2,5.2,,127,,,,,,,,,,,,
Monitoring Site 4,51.47.47N,117.22.44W,Jan 12 1999,11.8,4,,115.1,,,,,,,,,,,,
Monitoring Site 4,51.47.47N,117.22.44W,2/1/99,11.8,4,,115.2,,,,,,,,,,,,
Monitoring Site 4,51.47.47N,117.22.44W,3/15/99,11.8,4,,115.1,,,,,,,,,,,,
Monitoring Site 4,51.47.47N,117.22.44W,4/12/99,11.2,5.6,,117.3,,,,,,,,,,,,
Monitoring Site 4,51.47.47N,117.22.44W,5/11/99,10.8,8.62,,139.6,,,,,,,,,,,,
Monitoring Site 4,51.47.47N,117.22.44W,6/15/99,8.6,14.23,,127.2,,,,,,,,,,,,
Monitoring Site 4,51.47.47N,117.22.44W,7/8/99,8.3,16.9,,127.5,,,,,,,,,,,,
Monitoring Site 4,51.47.47N,117.22.44W,8/18/99,11,11.2,,126,,,,,,,,,,,,
Monitoring Site 4,51.47.47N,117.22.44W,9/14/99,7.7,11.24,,96.4,,,,,,,,,,,,
Monitoring Site 4,51.47.47N,117.22.44W,10/9/99,9,14.71,,165.1,,,,,,,,,,,,
Monitoring Site 4,51.47.47N,117.22.44W,11/4/99,10.6,8.9,,125,,,,,,,,,,,,
Monitoring Site 4,51.47.47N,117.22.44W,12/15/99,11.2,5.2,,127,,,,,,,,,,,,
Monitoring Site 4,51.47.47N,117.22.44W,Jan 14 2000,11.8,4,,115.1,,,,,,,,,,,,
Monitoring Site 4,51.47.47N,117.22.44W,2/1/00,11.8,4,,115.2,,,,,,,,,,,,
Monitoring Site 4,51.47.47N,117.22.44W,3/15/00,11.8,4,,115.1,,,,,,,,,,,,
Monitoring Site 4,51.47.47N,117.22.44W,4/12/00,11.2,5.6,,117.3,,,,,,,,,,,,
Monitoring Site 4,51.47.47N,117.22.44W,5/11/00,10.8,8.62,,139.6,,,,,,,,,,,,
Monitoring Site 4,51.47.47N,117.22.44W,6/15/00,8.6,14.23,,127.2,,,,,,,,,,,,
Monitoring Site 4,51.47.47N,117.22.44W,7/8/00,8.3,17.1,,127.5,,,,,,,,,,,,
Monitoring Site 4,51.47.47N,117.22.44W,8/18/00,7.6,18.2,,126,,,,,,,,,,,,
Monitoring Site 4,51.47.47N,117.22.44W,9/14/00,7.8,16.5,,96.4,,,,,,,,,,,,
Monitoring Site 4,51.47.47N,117.22.44W,10/9/00,9,14.71,,165.1,,,,,,,,,,,,
Monitoring Site 4,51.47.47N,117.22.44W,11/4/00,10.6,8.9,,125,,,,,,,,,,,,
Monitoring Site 4,51.47.47N,117.22.44W,12/15/00,11.2,5.2,,127,,,,,,,,,,,,
Sample Location,Longitude,Latitude,Date,Dissolved Oxygen mg/L,Water Temperature 0C,Water Temperature 0 F,Specific Conductance umhos,Discharge ft3/sec,,,,,,,,,,,
Monitoring Site 5,51.49.36N,117.23.33W,5/15/90,11.61,2.62,,29.3,15.7,,,,,,,,,,,
Monitoring Site 5,51.49.36N,117.23.33W,7/12/90,10.52,7.92,,45.7,52.3,,,,,,,,,,,
Monitoring Site 5,51.49.36N,117.23.33W,9/15/90,11.84,6.8,,39.2,75,,,,,,,,,,,
Monitoring Site 5,51.49.36N,117.23.33W,5/8/91,11.6,2.63,,29.3,15.9,,,,,,,,,,,
Monitoring Site 5,51.49.36N,117.23.33W,7/12/91,10.53,7.9,,45.7,55,,,,,,,,,,,
Monitoring Site 5,51.49.36N,117.23.33W,9/10/91,11.82,6.5,,39.2,14,,,,,,,,,,,
Monitoring Site 5,51.49.36N,117.23.33W,5/13/92,11.7,2.55,,31.2,16.2,,,,,,,,,,,
Monitoring Site 5,51.49.36N,117.23.33W,7/12/92,10.6,7.8,,46.2,53,,,,,,,,,,,
Monitoring Site 5,51.49.36N,117.23.33W,9/14/92,11.9,6.3,,41.3,77,,,,,,,,,,,
Monitoring Site 5,51.49.36N,117.23.33W,5/16/93,11.61,2.5,,29.3,15.5,,,,,,,,,,,
Monitoring Site 5,51.49.36N,117.23.33W,7/13/93,10.52,7.8,,45.7,52.3,,,,,,,,,,,
Monitoring Site 5,51.49.36N,117.23.33W,9/18/93,11.84,6.5,,39.2,75,,,,,,,,,,,
Monitoring Site 5,51.49.36N,117.23.33W,5/8/94,11.6,2.7,,28.2,16.2,,,,,,,,,,,
Monitoring Site 5,51.49.36N,117.23.33W,7/8/94,10.5,8.1,,46.3,53.1,,,,,,,,,,,
Monitoring Site 5,51.49.36N,117.23.33W,9/8/94,11.81,7.9,,41.7,74,,,,,,,,,,,
Monitoring Site 5,51.49.36N,117.23.33W,5/15/95,11.5,2.8,,28.2,15.2,,,,,,,,,,,
Monitoring Site 5,51.49.36N,117.23.33W,7/11/95,10.3,8.2,,46.3,51.7,,,,,,,,,,,
Monitoring Site 5,51.49.36N,117.23.33W,9/11/95,11.6,7.9,,41.7,71,,,,,,,,,,,
Monitoring Site 5,51.49.36N,117.23.33W,5/6/96,11.5,2.8,,31.2,18.2,,,,,,,,,,,
Monitoring Site 5,51.49.36N,117.23.33W,7/12/96,10.3,8.3,,51.2,63.7,,,,,,,,,,,
Monitoring Site 5,51.49.36N,117.23.33W,9/14/96,11.6,7.8,,53.2,81,,,,,,,,,,,
Monitoring Site 5,51.49.36N,117.23.33W,5/14/97,11.4,3.1,,28.7,18.2,,,,,,,,,,,
Monitoring Site 5,51.49.36N,117.23.33W,7/27/97,10.2,8.5,,49.5,63.7,,,,,,,,,,,
Monitoring Site 5,51.49.36N,117.23.33W,9/20/97,11.4,7.9,,51,81,,,,,,,,,,,
Monitoring Site 5,51.49.36N,117.23.33W,5/18/98,11.4,3.1,,28.7,18.2,,,,,,,,,,,
Monitoring Site 5,51.49.36N,117.23.33W,7/14/98,10.2,8.5,,49.5,63.7,,,,,,,,,,,
Monitoring Site 5,51.49.36N,117.23.33W,9/15/98,11.4,7.9,,51,81,,,,,,,,,,,
Monitoring Site 5,51.49.36N,117.23.33W,5/14/99,11.2,3.5,,28.7,17.2,,,,,,,,,,,
Monitoring Site 5,51.49.36N,117.23.33W,7/15/99,10,8.8,,49.5,57,,,,,,,,,,,
Monitoring Site 5,51.49.36N,117.23.33W,9/14/99,11,7.9,,51,71,,,,,,,,,,,
Monitoring Site 5,51.49.36N,117.23.33W,5/12/00,11,3.6,,28.7,16.3,,,,,,,,,,,
Monitoring Site 5,51.49.36N,117.23.33W,7/15/00,9.8,8.8,,49.5,54,,,,,,,,,,,
Monitoring Site 5,51.49.36N,117.23.33W,9/16/00,11,7.92,,51,68,,,,,,,,,,,